2023-11-21_23.15.26,203
2023-11-21_23.15.27,203
2023-11-21_23.17.01,203
2023-11-21_23.18.06,203
2023-11-21_23.17.13,203
2023-11-21_23.19.04,203
2023-11-21_23.20.03,203
2023-11-21_23.20.04,203
2023-11-22_13.21.05,203
2023-11-22_13.21.08,203
2023-11-22_13.21.07,203
2023-11-22_13.21.09,203
2023-11-22_13.21.14,203
2023-11-22_13.21.12,203
2023-11-22_13.21.18,203
2023-11-22_13.21.16,203
2023-11-22_13.21.19,203
2023-11-22_13.21.20,203
2023-11-22_13.21.21,203
2023-11-22_13.21.24,203
2023-11-22_13.21.28,203
2023-11-22_13.21.27,203
2023-11-22_13.21.33,203
2023-11-22_13.21.34,203
2023-11-22_13.21.35,203
2023-11-22_13.21.36,203
2023-11-22_13.21.37,203
2023-11-22_13.21.38,203
2023-11-22_13.21.39,203
2023-11-22_13.22.48,203
2023-11-22_13.21.40,203
2023-11-22_13.24.04,203
2023-11-22_13.24.12,203
2023-11-22_13.24.31,203
2023-11-22_13.28.00,203
2023-11-22_13.45.11,203
2023-11-22_13.45.10,203
2023-11-22_13.45.12,203
2023-11-22_13.45.14,203
2023-11-22_13.45.13,203
2023-11-22_13.45.16,203
2023-11-22_13.45.15,203
2023-11-22_13.45.17,203
2023-11-22_13.45.18,203
2023-11-22_13.45.19,203
2023-11-22_13.45.20,203
2023-11-22_13.45.21,203
2023-11-22_13.45.22,203
2023-11-22_13.45.29,203
2023-11-22_13.46.27,203
2023-11-22_13.46.28,203
2023-11-22_13.49.27,203
2023-11-22_13.48.34,203
2023-11-22_13.49.28,203
2023-11-22_13.49.31,203
2023-11-22_13.49.55,203
2023-11-22_13.51.36,203
2023-11-22_13.51.43,203
2023-11-22_13.52.22,203
2023-11-22_13.52.49,203
2023-11-22_13.52.57,203
2023-11-22_14.05.10,203
2023-11-22_14.05.31,203
2023-11-22_14.05.32,203
2023-11-22_14.05.04,203
2023-11-22_14.05.33,203
2023-11-22_14.05.35,203
2023-11-22_14.05.36,203
2023-11-22_14.05.38,203
2023-11-22_14.05.40,203
2023-11-22_14.05.37,203
2023-11-22_14.05.42,203
2023-11-22_14.05.41,203
2023-11-22_14.05.43,203
2023-11-22_14.05.44,203
2023-11-22_14.05.45,203
2023-11-22_14.05.46,203
2023-11-22_14.05.47,203
2023-11-22_14.05.48,203
2023-11-22_14.07.04,203
2023-11-22_14.08.18,203
2023-11-22_14.08.19,203
2023-11-22_14.05.59,203
2023-11-22_14.08.35,203
2023-11-22_14.10.24,203
2023-11-22_14.12.24,203
2023-11-22_14.12.25,203
2023-11-22_14.12.45,203
2023-11-22_14.20.02,203
2023-11-22_14.20.03,203
2023-11-22_14.20.17,203
2023-11-22_15.09.31,203
2023-11-22_15.09.18,203
2023-11-22_15.09.59,203
2023-11-22_15.09.49,203
2023-11-22_15.10.14,203
2023-11-22_15.10.15,203
2023-11-22_15.10.38,203
2023-11-22_15.10.58,203
2023-11-22_15.10.55,203
2023-11-22_15.51.38,203
2023-11-22_15.36.08,203
2023-11-22_15.51.40,203
2023-11-22_15.56.31,203
2023-11-22_15.57.59,203
2023-11-22_16.21.50,203
2023-11-22_16.21.51,203
2023-11-27_13.05.42,203
2023-11-27_13.12.27,204
2023-11-27_13.12.28,204
2023-11-27_13.12.38,204
2023-11-27_13.12.39,204
2023-11-27_13.48.18,205
2023-11-27_13.48.26,205
2023-11-27_13.48.29,205
2023-11-27_13.48.46,205
2023-11-27_13.49.20,205
2023-11-27_13.49.21,205
2023-11-27_13.49.36,205
2023-11-27_13.50.43,206
2023-11-27_13.50.30,206
2023-11-27_13.52.24,207
2023-11-27_13.52.23,207
2023-11-27_13.52.47,207
2023-11-27_13.52.58,207
2023-11-27_13.53.25,208
2023-11-27_13.54.00,208
2023-11-27_13.54.39,209
2023-11-27_13.55.27,210
2023-11-27_13.55.19,210
2023-11-27_13.55.44,211
2023-11-27_13.55.45,211
2023-11-27_13.56.41,211
2023-11-27_13.56.47,211
2023-11-27_13.57.03,211
2023-11-27_13.57.32,211
2023-11-27_13.57.02,211
2023-11-27_13.58.00,212
2023-11-27_14.00.10,212
2023-11-27_14.00.14,212
2023-11-27_14.00.24,212
2023-11-27_14.00.44,212
2023-11-27_14.00.31,212
2023-11-27_14.00.45,212
2023-11-27_14.01.59,213
2023-11-27_14.03.04,213
2023-11-27_14.03.05,213
2023-11-27_14.03.39,214
2023-11-27_14.05.20,214
2023-11-27_14.06.45,214
2023-11-27_14.06.54,214
2023-11-27_14.06.55,214
2023-11-27_14.07.07,214
2023-11-27_14.07.12,214
2023-11-27_14.07.15,214
2023-11-27_14.08.04,214
2023-12-04_15.02.32,214
2023-12-04_15.02.31,214
2023-12-04_15.22.56,214
2023-12-04_15.27.12,216
2023-12-04_15.27.13,216
2023-12-04_15.27.19,216
2023-12-04_15.27.27,216
2023-12-04_15.27.20,216
2023-12-04_15.36.50,216
2023-12-04_15.39.33,216
2023-12-04_15.39.34,216
2023-12-04_15.39.54,216
2023-12-04_15.40.02,216
2023-12-04_15.40.52,216
2023-12-04_15.41.28,216
2023-12-04_15.52.49,216
2023-12-04_15.41.31,216
2023-12-04_15.53.09,216
2023-12-04_15.52.51,216
2023-12-04_15.53.10,216
2023-12-04_15.53.14,216
2023-12-04_15.54.10,216
2023-12-04_16.59.53,216
2023-12-04_16.59.52,216
